{
  "products": [
    {
      "id": 1,
      "title": "Buquê de Flores do Campo Coloridas",
      "price": "R$81,20",
      "image": "im/con1.webp"
    },
    {
      "id": 2,
      "title": "Buquê Colorido de Rosas, Alstroemérias, Gérberas e Lírios",
      "price": "R$159,48",
      "image": "im/con2.webp"
    },
    {
      "id": 3,
      "title": "Arranjo de Flores Coloridas em Vaso Para Entrega",
      "price": "R$149,46",
      "image": "im/con3.webp"
    },
    {
      "id": 4,
      "title": "Buquê com 6 Rosas Colombianas Vermelhas",
      "price": "R$139,90",
      "image": "im/bu1.webp"
    },
    {
      "id": 5,
      "title": "Cesta de Presente com Buquê de Margaridas e Chocolate",
      "price": "R$181,63",
      "image": "im/bu2.webp"
    },
    {
      "id": 6,
      "title": "Buquê de 30 Rosas Coloridas Para Entrega",
      "price": "R$284,86",
      "image": "im/bu3.webp"
    }
  ]
}
